,alpha,CL,CD,theta_flaps,theta_slats
0,-2,-0.017198074,0.045660806,26,-26
1,0,0.059043728,0.042713772,26,-26
2,2,0.084215934,0.019142143,14,-26
3,4,0.114477318,0.010560738,6,-26
4,6,0.158769118,0.009164803,2,-18
5,8,0.233649136,0.012861019,1,-12
6,10,0.295474036,0.018970517,0,-6
7,12,0.370874317,0.029093442,0,0
8,15,0.518111257,0.066950936,0,0
9,18,0.683295591,0.1297681,0,0